[{"@type":"mappingTemplate","id":"@1","name":"kk_io_repro","description":"","bundleVersion":"0","templateId":"@3","deployTime":1684331078000,"hasParameters":false,"valid":true,"fixedConnection":true,"hasParametersDeployed":false,"fixedConnectionDeployed":true,"isSchemaValidationEnabled":false,"tasks":2,"mappingPreviewFileRecordId":"@2","documentType":"","references":[{"@type":"reference","refObjectId":"@9kxvyzVQHQVbKofMUq6cKU","refType":"connection"},{"@type":"reference","refObjectId":"@9CththH86KFeVjXQEX31Q7","refType":"connection"}]}]