[{"@type":"mappingTemplate","id":"@1","name":"Date_time_milliseconds_preview","description":"","bundleVersion":"0","assetFrsGuid":"608xXmiOOE1hFkjH0SlEat","templateId":"@3","deployTime":1731586305000,"hasParameters":false,"valid":true,"fixedConnection":true,"hasParametersDeployed":false,"fixedConnectionDeployed":true,"isSchemaValidationEnabled":false,"tasks":1,"mappingPreviewFileRecordId":"@2","documentType":"MAPPING","references":[{"@type":"reference","refObjectId":"@7AkMuYHiL3Ri7D4fWSSbOM","refType":"connection"}]}]